Gender,Customer Type,Age,Type of Travel,Class,Flight Distance,Inflight wifi service,Departure/Arrival time convenient,Ease of Online booking,Gate location,Food and drink,Online boarding,Seat comfort,Inflight entertainment,On-board service,Leg room service,Baggage handling,Checkin service,Inflight service,Cleanliness,Departure Delay in Minutes,Arrival Delay in Minutes
1,1,0.37183819227942627,1,1,10.841531494769098,-2.0557581857514715,-2.0066622122067947,-1.9707311348480696,-2.3300312128489984,-2.408473496919782,-2.408573117566479,-2.6074179941186806,-2.519277631268954,-2.6253482307289,-2.547171769124477,-3.075484983450637,-2.611282832938288,-3.096503943690634,-2.5043318423882885,-0.3875317957960077,-0.3928155854783154
