Model,Accuracy,Precision,Recall,F1 Score,ROC AUC,Best Parameters
EM,0.9400413839564988,0.9597930872325418,0.9003087781208646,0.9290998065323772,0.98732073415462,Hiperparámetros No Aplicados en este modelo
KNN,0.9302180085663412,0.949481865284974,0.887604579480405,0.917501137915339,0.9763859104959102,"{'metric': 'manhattan', 'n_neighbors': 9, 'weights': 'distance'}"
Logistic Regression,0.8764255810596218,0.8695602250545412,0.8409772348695169,0.8550299198374167,0.9277326964337445,"{'C': 0.1, 'penalty': 'l1', 'solver': 'saga'}"
Random Forest,0.9546701313700016,0.9591766723842196,0.931482509716824,0.9451267605633804,0.9911693882701036,"{'max_depth': None, 'max_features': 'sqrt', 'min_samples_leaf': 1, 'min_samples_split': 2, 'n_estimators': 200}"
SVM,0.8725,0.8700646087580761,0.8324175824175825,0.8508248508248508,0.9229711125463079,{'C': 1}
