Model,Accuracy,Precision,Recall,F1_Score,AUC_ROC,Best_Parameters,F1 Score,ROC AUC,Best Parameters
RF,0.9475,0.950704225352113,0.927835051546392,0.939130434782609,0.989626180667994,"{'max_depth': None, 'max_features': 'sqrt', 'min_samples_leaf': 1, 'min_samples_split': 2, 'n_estimators': 200}",,,
LR,0.8758000096241759,0.8697053406998159,0.8390893947806775,0.8541230995308879,0.9276303981936364,"{'C': 0.01, 'max_iter': 100, 'penalty': 'l2', 'solver': 'lbfgs'}",,,
KNN,0.9391693536743828,0.952232246125376,0.9063188022897402,0.9287084038353074,0.935502282718192,"{'metric': 'manhattan', 'n_neighbors': 9, 'weights': 'distance'}",,,
EM,0.9400413839564988,0.9597930872325418,0.9003087781208646,0.9290998065323772,0.98732073415462,Hiperparámetros No Aplicados en este modelo,,,
SVM,0.8725,0.8700646087580761,0.8324175824175825,,,,0.8508248508248508,0.9229711125463079,{'C': 1}
